CREATE TABLE DEPARTMENT(
    DEPT_ID CHAR(2),
    DEPT_TITLE VARCHAR(35),
    LOCATION_ID CHAR(2)
);

INSERT INTO DEPARTMENT VALUES('D1','인사관리부','L1'); 
INSERT INTO DEPARTMENT VALUES('D2','회계관리부','L2');
INSERT INTO DEPARTMENT(DEPT_ID,DEPT_TITLE,LOCATION_ID)
VALUES('D3', '마케팅부', 'L1');
INSERT INTO DEPARTMENT
VALUES('D4', '국내영업부', 'L1');
INSERT INTO DEPARTMENT VALUES('D5', '해외영업1부', 'L2');
INSERT INTO DEPARTMENT VALUES('D6', '해외영업2부', 'L3');
INSERT INTO DEPARTMENT VALUES('D7', '해외영업3부', 'L4');
INSERT INTO DEPARTMENT VALUES('D8', '기술지원부', 'L5');
INSERT INTO DEPARTMENT VALUES('D9', '총무부', 'L1');

SELECT DEPT_ID, DEPT_TITLE, LOCATION_ID
FROM DEPARTMENT;

CREATE TABLE EMPLOYEE(
    EPM_ID VARCHAR2(3),
    EMP_NAME VARCHAR2(20),
    EMP_NO CHAR(14),
    EMAIL VARCHAR(25),
    PHONE VARCHAR2(12),
    DEPT_CODE CHAR(2),
    JOB_CODE CHAR(2),
    SAL_LEVEL CHAR(2),
    SALARY NUMBER,
    BONUS NUMBER,
    MANAGER_ID VARCHAR(3),
    HIRE_DATE DATE,
    ENT_DATE DATE,
    ENT_YN CHAR(1)
);

CREATE TABLE JOB(
    JOB_CODE CHAR(2),
    JOB_NAME VARCHAR2(35)
);

INSERT INTO JOB VALUES('J1', '대표');
INSERT INTO JOB VALUES('J2', '부사장');
INSERT INTO JOB VALUES('J3', '부장');
INSERT INTO JOB VALUES('J4', '차장');
INSERT INTO JOB VALUES('J5', '과장');
INSERT INTO JOB VALUES('J6', '대리');
INSERT INTO JOB VALUES('J7', '사원');

DELETE FROM JOB;
WHERE JOB_CODE = 'J2';

UPDATE JOB
SET JOB_NAME = '사장'
WHERE JOB_CODE = 'J2';
CREATE TABLE LOCATION(
    LOCAL_CODE CHAR(2),
    NATIONAL_CODE CHAR(2),
    LOCAL_NAME VARCHAR2(40)
);

INSERT INTO LOCATION VALUES('L1','KO','ASIA');
INSERT INTO LOCATION VALUES('L2','JP', 'ASIA2');
INSERT INTO LOCATION VALUES('L3', 'CH', 'AISA3');
INSERT INTO LOCATION VALUES('L4', 'US', 'AMERICA');
INSERT INTO LOCATION VALUES('L5', 'RU', 'EU');

SELECT LOCAL_CODE, NATIONAL_CODE, LOCAL_NAME
FROM LOCATION;

CREATE TABLE NATIONAL(
    NATIONAL_CODE CHAR(2),
    NATIONAL_NAME VARCHAR2(35)
);

INSERT INTO NATIONAL VALUES('KO', '한국');
INSERT INTO NATIONAL VALUES('JP', '일본');
INSERT INTO NATIONAL VALUES('CH', '중국');
INSERT INTO NATIONAL VALUES('US', '미국');
INSERT INTO NATIONAL VALUES('RU', '러시아');

SELECT NATIONAL_CODE, NATIONAL_NAME
FROM NATIONAL;

CREATE TABLE SAL_GRADE (
    SAL_LEVEL CHAR(2),
    MIN_SAL NUMBER,
    MAX_SAL NUMBER
);

INSERT INTO SAL_GRADE VALUES('S1', 6000000, 10000000);
INSERT INTO SAL_GRADE VALUES('S2', 5000000, 5999999);
INSERT INTO SAL_GRADE VALUES('S3', 4000000, 4999999);
INSERT INTO SAL_GRADE VALUES('S4', 3000000, 3999999);
INSERT INTO SAL_GRADE VALUES('S5', 2000000, 2999999);
INSERT INTO SAL_GRADE VALUES('S6', 1000000, 1999999);

SELECT SAL_LEVEL, MIN_SAL, MAX_SAL
FROM SAL_GRADE;

